--ORDINE POPOLAMENTO:
--FORNITORE
--MAGAZZINO
--ABBONAMENTO
--RELEASE_DAY
--DA_ACCESSO
--PROMO
--ACQUISTO
--CLIENTE
--EFFETTUA
--CARTA
--CATALOGO
--PRODOTTO
--CAPI_HYPE
--SCARPE
--TAGLIA_SCARPE
--SUDDIVISE_IN
--FORNITURA
--E_CONTENUTA_IN


--FORNITORE
INSERT INTO FORNITORE(AZIENDA_FORNITORE,NOME_FORNITORE,COGNOME_FORNITORE,RECAPITO_TEL) VALUES ('YEEZY','KANYE','WEST',3334445665);
INSERT INTO FORNITORE(AZIENDA_FORNITORE,NOME_FORNITORE,COGNOME_FORNITORE,RECAPITO_TEL) VALUES ('JORDAN','VINCENZO','SALZANO',3334445667);
INSERT INTO FORNITORE(AZIENDA_FORNITORE,NOME_FORNITORE,COGNOME_FORNITORE,RECAPITO_TEL) VALUES ('OFF_WHITE','VIRGIL','ABLOH',3334445678);
INSERT INTO FORNITORE(AZIENDA_FORNITORE,NOME_FORNITORE,COGNOME_FORNITORE,RECAPITO_TEL) VALUES ('VLONE','GENNARO','FORTE',3334445443);
INSERT INTO FORNITORE(AZIENDA_FORNITORE,NOME_FORNITORE,COGNOME_FORNITORE,RECAPITO_TEL) VALUES ('CACTUS_JACK','TRAVIS','SCOTT',3334445699);
INSERT INTO FORNITORE(AZIENDA_FORNITORE,NOME_FORNITORE,COGNOME_FORNITORE,RECAPITO_TEL) VALUES ('MCQUEEN','ALEX','FERRI',3334445661);
INSERT INTO FORNITORE(AZIENDA_FORNITORE,NOME_FORNITORE,COGNOME_FORNITORE,RECAPITO_TEL) VALUES ('SUPREME','DAVIDE','SOPRANO',3334445621);
INSERT INTO FORNITORE(AZIENDA_FORNITORE,NOME_FORNITORE,COGNOME_FORNITORE,RECAPITO_TEL) VALUES ('BAPE','SIMONE','D_ANGELO',3334445663);
INSERT INTO FORNITORE(AZIENDA_FORNITORE,NOME_FORNITORE,COGNOME_FORNITORE,RECAPITO_TEL) VALUES ('THE_NORTH_FACE','RAFFAELE','SPADA',3334445543);
INSERT INTO FORNITORE(AZIENDA_FORNITORE,NOME_FORNITORE,COGNOME_FORNITORE,RECAPITO_TEL) VALUES ('DIOR','PATRIZIO','VESTE',3334445655);
INSERT INTO FORNITORE(AZIENDA_FORNITORE,NOME_FORNITORE,COGNOME_FORNITORE,RECAPITO_TEL) VALUES ('AMIRI','DARIO','SIGNORE',3334445668);
INSERT INTO FORNITORE(AZIENDA_FORNITORE,NOME_FORNITORE,COGNOME_FORNITORE,RECAPITO_TEL) VALUES ('GIVENCHY','GIOVANNI','VENEZIA',3334445656);
INSERT INTO FORNITORE(AZIENDA_FORNITORE,NOME_FORNITORE,COGNOME_FORNITORE,RECAPITO_TEL) VALUES ('OVO','DINO','BRASCHI',3334445555);
INSERT INTO FORNITORE(AZIENDA_FORNITORE,NOME_FORNITORE,COGNOME_FORNITORE,RECAPITO_TEL) VALUES ('NIKE','NICOLA','NOTE',3334445999);
INSERT INTO FORNITORE(AZIENDA_FORNITORE,NOME_FORNITORE,COGNOME_FORNITORE,RECAPITO_TEL) VALUES ('ADIDAS','ANDREA','ANTONINI',3334445688);

-------------------------------------------------------------------------------------------------------------------------------------

--MAGAZZINO
INSERT INTO MAGAZZINO(NUMERO_MAGAZZINO,CAPIENZA,LUOGO) VALUES ('MGZ01',300,'NAPOLI');
INSERT INTO MAGAZZINO(NUMERO_MAGAZZINO,CAPIENZA,LUOGO) VALUES ('MGZ02',300,'MILANO');
INSERT INTO MAGAZZINO(NUMERO_MAGAZZINO,CAPIENZA,LUOGO) VALUES ('MGZ03',300,'ROMA');
INSERT INTO MAGAZZINO(NUMERO_MAGAZZINO,CAPIENZA,LUOGO) VALUES ('MGZ04',300,'CATANIA');
INSERT INTO MAGAZZINO(NUMERO_MAGAZZINO,CAPIENZA,LUOGO) VALUES ('MGZ05',300,'TORINO');
INSERT INTO MAGAZZINO(NUMERO_MAGAZZINO,CAPIENZA,LUOGO) VALUES ('MGZ06',300,'CAGLIARI');
INSERT INTO MAGAZZINO(NUMERO_MAGAZZINO,CAPIENZA,LUOGO) VALUES ('MGZ07',300,'BERGAMO');
INSERT INTO MAGAZZINO(NUMERO_MAGAZZINO,CAPIENZA,LUOGO) VALUES ('MGZ08',300,'TRENTO');
INSERT INTO MAGAZZINO(NUMERO_MAGAZZINO,CAPIENZA,LUOGO) VALUES ('MGZ09',300,'VARESE');
INSERT INTO MAGAZZINO(NUMERO_MAGAZZINO,CAPIENZA,LUOGO) VALUES ('MGZ10',300,'BARI');
INSERT INTO MAGAZZINO(NUMERO_MAGAZZINO,CAPIENZA,LUOGO) VALUES ('MGZ11',300,'SALERNO');
INSERT INTO MAGAZZINO(NUMERO_MAGAZZINO,CAPIENZA,LUOGO) VALUES ('MGZ12',300,'VENEZIA');
INSERT INTO MAGAZZINO(NUMERO_MAGAZZINO,CAPIENZA,LUOGO) VALUES ('MGZ13',300,'GENOVA');
INSERT INTO MAGAZZINO(NUMERO_MAGAZZINO,CAPIENZA,LUOGO) VALUES ('MGZ14',300,'BOLOGNA');
INSERT INTO MAGAZZINO(NUMERO_MAGAZZINO,CAPIENZA,LUOGO) VALUES ('MGZ15',300,'FIRENZE');

-------------------------------------------------------------------------------------------------------------------------------------

--ABBONAMENTO
INSERT INTO ABBONAMENTO(NOME_ABBONAMENTO,DURATA,COSTO) VALUES ('FREE',36, 0);
INSERT INTO ABBONAMENTO(NOME_ABBONAMENTO,DURATA,COSTO) VALUES ('WOOD',1, 3);
INSERT INTO ABBONAMENTO(NOME_ABBONAMENTO,DURATA,COSTO) VALUES ('BRICK',2, 5);
INSERT INTO ABBONAMENTO(NOME_ABBONAMENTO,DURATA,COSTO) VALUES ('GLASS',3, 7);
INSERT INTO ABBONAMENTO(NOME_ABBONAMENTO,DURATA,COSTO) VALUES ('PLASTIC',4, 10);
INSERT INTO ABBONAMENTO(NOME_ABBONAMENTO,DURATA,COSTO) VALUES ('BRONZE',5, 12);
INSERT INTO ABBONAMENTO(NOME_ABBONAMENTO,DURATA,COSTO) VALUES ('STONE',6, 15);
INSERT INTO ABBONAMENTO(NOME_ABBONAMENTO,DURATA,COSTO) VALUES ('IRON',7, 18);
INSERT INTO ABBONAMENTO(NOME_ABBONAMENTO,DURATA,COSTO) VALUES ('MERCURY',8, 20);
INSERT INTO ABBONAMENTO(NOME_ABBONAMENTO,DURATA,COSTO) VALUES ('NICKEL',9, 22);
INSERT INTO ABBONAMENTO(NOME_ABBONAMENTO,DURATA,COSTO) VALUES ('STEEL',10, 25);
INSERT INTO ABBONAMENTO(NOME_ABBONAMENTO,DURATA,COSTO) VALUES ('SILVER',11, 32);
INSERT INTO ABBONAMENTO(NOME_ABBONAMENTO,DURATA,COSTO) VALUES ('GOLD',12, 28);
INSERT INTO ABBONAMENTO(NOME_ABBONAMENTO,DURATA,COSTO) VALUES ('DIAMOND',15, 37);
INSERT INTO ABBONAMENTO(NOME_ABBONAMENTO,DURATA,COSTO) VALUES ('PLATINUM',24, 50);

-------------------------------------------------------------------------------------------------------------------------------------

--RELEASE_DAY
INSERT INTO RELEASE_DAY(NOME_RELEASE,DATA_RELEASE,TIPO_RELEASE) VALUES ('ADIDAS_RELEASE',DATE'2022-01-01', 'YEEZY_350V2');
INSERT INTO RELEASE_DAY(NOME_RELEASE,DATA_RELEASE,TIPO_RELEASE) VALUES ('NIKE_RELEASE',DATE'2022-02-01', 'AIRFORCE_1');
INSERT INTO RELEASE_DAY(NOME_RELEASE,DATA_RELEASE,TIPO_RELEASE) VALUES ('OFF_WHITE_RELEASE',DATE'2022-03-01', 'JORDAN_4_RETRO_OFF_WHITE_SAIL');
INSERT INTO RELEASE_DAY(NOME_RELEASE,DATA_RELEASE,TIPO_RELEASE) VALUES ('SPRING_RELEASE',DATE'2022-03-21', 'AIRJORDAN_HIGH');
INSERT INTO RELEASE_DAY(NOME_RELEASE,DATA_RELEASE,TIPO_RELEASE) VALUES ('VLONE_RELEASE',DATE'2022-04-01', 'JUICE_WRLD_X_VLONE_999_T_SHIRT');
INSERT INTO RELEASE_DAY(NOME_RELEASE,DATA_RELEASE,TIPO_RELEASE) VALUES ('PALACE_RELEASE',DATE'2022-05-01', 'PALACE_P-3-K-9_T');
INSERT INTO RELEASE_DAY(NOME_RELEASE,DATA_RELEASE,TIPO_RELEASE) VALUES ('SUPREME_RELEASE',DATE'2022-06-01', 'SUPREME_BOX_LOGO');
INSERT INTO RELEASE_DAY(NOME_RELEASE,DATA_RELEASE,TIPO_RELEASE) VALUES ('SUMMER_RELEASE',DATE'2022-06-21', 'CROCS_POLLEX');
INSERT INTO RELEASE_DAY(NOME_RELEASE,DATA_RELEASE,TIPO_RELEASE) VALUES ('JORDAN_RELEASE',DATE'2022-07-01', 'JORDAN_1_OG');
INSERT INTO RELEASE_DAY(NOME_RELEASE,DATA_RELEASE,TIPO_RELEASE) VALUES ('OVO_RELEASE',DATE'2022-08-01', 'DRAKE_SNEAKERS');
INSERT INTO RELEASE_DAY(NOME_RELEASE,DATA_RELEASE,TIPO_RELEASE) VALUES ('CONVERSE_RELEASE',DATE'2022-09-01', 'CONVERSE_CHUCK_TAYLOR_ALL-STAR');
INSERT INTO RELEASE_DAY(NOME_RELEASE,DATA_RELEASE,TIPO_RELEASE) VALUES ('AUTUMN_RELEASE',DATE'2022-09-21', 'ALEXANDER_MCQUEEN');
INSERT INTO RELEASE_DAY(NOME_RELEASE,DATA_RELEASE,TIPO_RELEASE) VALUES ('NEWBALANCE_RELEASE',DATE'2022-10-01', 'NEW_BALANCE_550');
INSERT INTO RELEASE_DAY(NOME_RELEASE,DATA_RELEASE,TIPO_RELEASE) VALUES ('BALENCIAGA_RELEASE',DATE'2022-11-01', 'BALENCIAGA_TRIPLE_S');
INSERT INTO RELEASE_DAY(NOME_RELEASE,DATA_RELEASE,TIPO_RELEASE) VALUES ('CACTUS_JACK_RELEASE',DATE'2022-12-01', 'TRAVIS_SCOTT_CACTUS_JACK');
INSERT INTO RELEASE_DAY(NOME_RELEASE,DATA_RELEASE,TIPO_RELEASE) VALUES ('WINTER_RELEASE',DATE'2022-12-21', 'NORTH_FACE_JACKET');

-------------------------------------------------------------------------------------------------------------------------------------

--DA ACCESSO
--OVVIAMENTE OGNI RELEASE E' ASSOCIATA A TUTTI GLI ABBONAMENTI TRANNE QUELLO FREE,DI SEGUITO
--VENGONO ELENCATE SOLO 2 RELEASE PER NON RENDERE IL POPOLAMENTO TROPPO LUNGO 
INSERT INTO DA_ACCESSO(NOME_RELEASE,NOME_ABBONAMENTO) VALUES ('JORDAN_RELEASE','WOOD');
INSERT INTO DA_ACCESSO(NOME_RELEASE,NOME_ABBONAMENTO) VALUES ('JORDAN_RELEASE','BRICK');
INSERT INTO DA_ACCESSO(NOME_RELEASE,NOME_ABBONAMENTO) VALUES ('JORDAN_RELEASE','GLASS');
INSERT INTO DA_ACCESSO(NOME_RELEASE,NOME_ABBONAMENTO) VALUES ('JORDAN_RELEASE','PLASTIC');
INSERT INTO DA_ACCESSO(NOME_RELEASE,NOME_ABBONAMENTO) VALUES ('JORDAN_RELEASE','BRONZE');
INSERT INTO DA_ACCESSO(NOME_RELEASE,NOME_ABBONAMENTO) VALUES ('JORDAN_RELEASE','STONE');
INSERT INTO DA_ACCESSO(NOME_RELEASE,NOME_ABBONAMENTO) VALUES ('JORDAN_RELEASE','IRON');
INSERT INTO DA_ACCESSO(NOME_RELEASE,NOME_ABBONAMENTO) VALUES ('JORDAN_RELEASE','MERCURY');
INSERT INTO DA_ACCESSO(NOME_RELEASE,NOME_ABBONAMENTO) VALUES ('JORDAN_RELEASE','NICKEL');
INSERT INTO DA_ACCESSO(NOME_RELEASE,NOME_ABBONAMENTO) VALUES ('JORDAN_RELEASE','STEEL');
INSERT INTO DA_ACCESSO(NOME_RELEASE,NOME_ABBONAMENTO) VALUES ('JORDAN_RELEASE','GOLD');
INSERT INTO DA_ACCESSO(NOME_RELEASE,NOME_ABBONAMENTO) VALUES ('JORDAN_RELEASE','SILVER');
INSERT INTO DA_ACCESSO(NOME_RELEASE,NOME_ABBONAMENTO) VALUES ('JORDAN_RELEASE','DIAMOND');
INSERT INTO DA_ACCESSO(NOME_RELEASE,NOME_ABBONAMENTO) VALUES ('JORDAN_RELEASE','PLATINUM');

INSERT INTO DA_ACCESSO(NOME_RELEASE,NOME_ABBONAMENTO) VALUES ('CACTUS_JACK_RELEASE','WOOD');
INSERT INTO DA_ACCESSO(NOME_RELEASE,NOME_ABBONAMENTO) VALUES ('CACTUS_JACK_RELEASE','BRICK');
INSERT INTO DA_ACCESSO(NOME_RELEASE,NOME_ABBONAMENTO) VALUES ('CACTUS_JACK_RELEASE','GLASS');
INSERT INTO DA_ACCESSO(NOME_RELEASE,NOME_ABBONAMENTO) VALUES ('CACTUS_JACK_RELEASE','PLASTIC');
INSERT INTO DA_ACCESSO(NOME_RELEASE,NOME_ABBONAMENTO) VALUES ('CACTUS_JACK_RELEASE','BRONZE');
INSERT INTO DA_ACCESSO(NOME_RELEASE,NOME_ABBONAMENTO) VALUES ('CACTUS_JACK_RELEASE','STONE');
INSERT INTO DA_ACCESSO(NOME_RELEASE,NOME_ABBONAMENTO) VALUES ('CACTUS_JACK_RELEASE','IRON');
INSERT INTO DA_ACCESSO(NOME_RELEASE,NOME_ABBONAMENTO) VALUES ('CACTUS_JACK_RELEASE','MERCURY');
INSERT INTO DA_ACCESSO(NOME_RELEASE,NOME_ABBONAMENTO) VALUES ('CACTUS_JACK_RELEASE','NICKEL');
INSERT INTO DA_ACCESSO(NOME_RELEASE,NOME_ABBONAMENTO) VALUES ('CACTUS_JACK_RELEASE','STEEL');
INSERT INTO DA_ACCESSO(NOME_RELEASE,NOME_ABBONAMENTO) VALUES ('CACTUS_JACK_RELEASE','GOLD');
INSERT INTO DA_ACCESSO(NOME_RELEASE,NOME_ABBONAMENTO) VALUES ('CACTUS_JACK_RELEASE','SILVER');
INSERT INTO DA_ACCESSO(NOME_RELEASE,NOME_ABBONAMENTO) VALUES ('CACTUS_JACK_RELEASE','DIAMOND');
INSERT INTO DA_ACCESSO(NOME_RELEASE,NOME_ABBONAMENTO) VALUES ('CACTUS_JACK_RELEASE','PLATINUM');

-------------------------------------------------------------------------------------------------------------------------------------

--PROMO
INSERT INTO PROMO(CODICE_PROMO,DATA_INIZIO_PROMO,DATA_FINE_PROMO,SCONTO,NOME_PROMO) VALUES ('PRM01',DATE'2022-03-14',DATE'2022-03-21',2,'SCONTO1');
INSERT INTO PROMO(CODICE_PROMO,DATA_INIZIO_PROMO,DATA_FINE_PROMO,SCONTO,NOME_PROMO) VALUES ('PRM02',DATE'2022-02-24',DATE'2022-02-28',2,'SCONTO2');
INSERT INTO PROMO(CODICE_PROMO,DATA_INIZIO_PROMO,DATA_FINE_PROMO,SCONTO,NOME_PROMO) VALUES ('PRM03',DATE'2022-03-04',DATE'2022-03-14',2,'SCONTO3');
INSERT INTO PROMO(CODICE_PROMO,DATA_INIZIO_PROMO,DATA_FINE_PROMO,SCONTO,NOME_PROMO) VALUES ('PRM04',DATE'2022-05-14',DATE'2022-05-21',2,'SCONTO4');
INSERT INTO PROMO(CODICE_PROMO,DATA_INIZIO_PROMO,DATA_FINE_PROMO,SCONTO,NOME_PROMO) VALUES ('PRM05',DATE'2022-02-23',DATE'2022-02-27',2,'SCONTO5');
INSERT INTO PROMO(CODICE_PROMO,DATA_INIZIO_PROMO,DATA_FINE_PROMO,SCONTO,NOME_PROMO) VALUES ('PRM06',DATE'2022-05-15',DATE'2022-05-20',3,'SCONTO6');
INSERT INTO PROMO(CODICE_PROMO,DATA_INIZIO_PROMO,DATA_FINE_PROMO,SCONTO,NOME_PROMO) VALUES ('PRM07',DATE'2022-04-23',DATE'2022-04-30',3,'SCONTO7');
INSERT INTO PROMO(CODICE_PROMO,DATA_INIZIO_PROMO,DATA_FINE_PROMO,SCONTO,NOME_PROMO) VALUES ('PRM08',DATE'2022-02-04',DATE'2022-02-13',3,'SCONTO8');
INSERT INTO PROMO(CODICE_PROMO,DATA_INIZIO_PROMO,DATA_FINE_PROMO,SCONTO,NOME_PROMO) VALUES ('PRM09',DATE'2022-03-13',DATE'2022-03-20',4,'SCONTO9');
INSERT INTO PROMO(CODICE_PROMO,DATA_INIZIO_PROMO,DATA_FINE_PROMO,SCONTO,NOME_PROMO) VALUES ('PRM10',DATE'2022-02-14',DATE'2022-02-21',4,'SCONTO10');
INSERT INTO PROMO(CODICE_PROMO,DATA_INIZIO_PROMO,DATA_FINE_PROMO,SCONTO,NOME_PROMO) VALUES ('PRM11',DATE'2022-03-05',DATE'2022-03-13',5,'SCONTO11');
INSERT INTO PROMO(CODICE_PROMO,DATA_INIZIO_PROMO,DATA_FINE_PROMO,SCONTO,NOME_PROMO) VALUES ('PRM12',DATE'2022-01-05',DATE'2022-01-10',5,'SCONTO12');
INSERT INTO PROMO(CODICE_PROMO,DATA_INIZIO_PROMO,DATA_FINE_PROMO,SCONTO,NOME_PROMO) VALUES ('PRM13',DATE'2022-04-08',DATE'2022-04-12',5,'SCONTO13');
INSERT INTO PROMO(CODICE_PROMO,DATA_INIZIO_PROMO,DATA_FINE_PROMO,SCONTO,NOME_PROMO) VALUES ('PRM14',DATE'2022-02-07',DATE'2022-02-10',5,'SCONTO14');
INSERT INTO PROMO(CODICE_PROMO,DATA_INIZIO_PROMO,DATA_FINE_PROMO,SCONTO,NOME_PROMO) VALUES ('PRM15',DATE'2022-03-12',DATE'2022-03-18',5,'SCONTO15');

-------------------------------------------------------------------------------------------------------------------------------------

--ACQUISTO
INSERT INTO ACQUISTO(CODICE_ACQUISTO,CODICE_PROMO,DATA_ACQUISTO,IMPORTO_ACQUISTO,SPESE_SPEDIZIONE) VALUES ('ACQ01','PRM01',DATE'2022-03-24',450,15);
INSERT INTO ACQUISTO(CODICE_ACQUISTO,CODICE_PROMO,DATA_ACQUISTO,IMPORTO_ACQUISTO,SPESE_SPEDIZIONE) VALUES ('ACQ02','PRM02',DATE'2022-03-10',830,15);
INSERT INTO ACQUISTO(CODICE_ACQUISTO,CODICE_PROMO,DATA_ACQUISTO,IMPORTO_ACQUISTO,SPESE_SPEDIZIONE) VALUES ('ACQ03','PRM03',DATE'2022-05-14',180,15);
INSERT INTO ACQUISTO(CODICE_ACQUISTO,CODICE_PROMO,DATA_ACQUISTO,IMPORTO_ACQUISTO,SPESE_SPEDIZIONE) VALUES ('ACQ04','PRM04',DATE'2022-05-15',150,15);
INSERT INTO ACQUISTO(CODICE_ACQUISTO,CODICE_PROMO,DATA_ACQUISTO,IMPORTO_ACQUISTO,SPESE_SPEDIZIONE) VALUES ('ACQ05','PRM05',DATE'2022-03-23',430,15);
INSERT INTO ACQUISTO(CODICE_ACQUISTO,CODICE_PROMO,DATA_ACQUISTO,IMPORTO_ACQUISTO,SPESE_SPEDIZIONE) VALUES ('ACQ06','PRM06',DATE'2022-05-17',1030,15);
INSERT INTO ACQUISTO(CODICE_ACQUISTO,CODICE_PROMO,DATA_ACQUISTO,IMPORTO_ACQUISTO,SPESE_SPEDIZIONE) VALUES ('ACQ07','PRM07',DATE'2022-06-16',970,15);
INSERT INTO ACQUISTO(CODICE_ACQUISTO,CODICE_PROMO,DATA_ACQUISTO,IMPORTO_ACQUISTO,SPESE_SPEDIZIONE) VALUES ('ACQ08','PRM08',DATE'2022-02-15',620,15);
INSERT INTO ACQUISTO(CODICE_ACQUISTO,CODICE_PROMO,DATA_ACQUISTO,IMPORTO_ACQUISTO,SPESE_SPEDIZIONE) VALUES ('ACQ09','PRM09',DATE'2022-03-21',970,15);
INSERT INTO ACQUISTO(CODICE_ACQUISTO,CODICE_PROMO,DATA_ACQUISTO,IMPORTO_ACQUISTO,SPESE_SPEDIZIONE) VALUES ('ACQ10','PRM10',DATE'2022-03-14',200,15);
INSERT INTO ACQUISTO(CODICE_ACQUISTO,CODICE_PROMO,DATA_ACQUISTO,IMPORTO_ACQUISTO,SPESE_SPEDIZIONE) VALUES ('ACQ11','PRM11',DATE'2022-03-15',270,15);
INSERT INTO ACQUISTO(CODICE_ACQUISTO,CODICE_PROMO,DATA_ACQUISTO,IMPORTO_ACQUISTO,SPESE_SPEDIZIONE) VALUES ('ACQ12','PRM12',DATE'2022-01-18',130,15);
INSERT INTO ACQUISTO(CODICE_ACQUISTO,CODICE_PROMO,DATA_ACQUISTO,IMPORTO_ACQUISTO,SPESE_SPEDIZIONE) VALUES ('ACQ13','PRM13',DATE'2022-05-08',240,15);
INSERT INTO ACQUISTO(CODICE_ACQUISTO,CODICE_PROMO,DATA_ACQUISTO,IMPORTO_ACQUISTO,SPESE_SPEDIZIONE) VALUES ('ACQ14','PRM14',DATE'2022-02-17',220,15);
INSERT INTO ACQUISTO(CODICE_ACQUISTO,CODICE_PROMO,DATA_ACQUISTO,IMPORTO_ACQUISTO,SPESE_SPEDIZIONE) VALUES ('ACQ15','PRM15',DATE'2022-04-12',220,15);

-------------------------------------------------------------------------------------------------------------------------------------

--CLIENTE
INSERT INTO CLIENTE(USERNAME,NOME,COGNOME,ETA,EMAIL,CITTA,VIA,CAP,NUMERO_TELEFONO) VALUES ('3TOGO','CARLO','DESICA',20,'decarl88@yahoo.it','NAPOLI','VIA_GARIBALDI',80100,3458945654);
INSERT INTO CLIENTE(USERNAME,NOME,COGNOME,ETA,EMAIL,CITTA,VIA,CAP,NUMERO_TELEFONO) VALUES ('VSTORM26','VINCENZO','ESPOSITO',31,'vinsEsp26@yahoo.it','TORINO','VIA_CARDUCCI',10094,334907654);
INSERT INTO CLIENTE(USERNAME,NOME,COGNOME,ETA,EMAIL,CITTA,VIA,CAP,NUMERO_TELEFONO) VALUES ('GHOST78','SIMONE','ANGELIS',34,'simo078@yahoo.it','NAPOLI','VIA_DANTE',80100,3458124654);
INSERT INTO CLIENTE(USERNAME,NOME,COGNOME,ETA,EMAIL,CITTA,VIA,CAP,NUMERO_TELEFONO) VALUES ('VLACO23','CARLO','ROMOLO',37,'biancoCR2@gmail.com','ROMA','VIA_SAN_GIOVANNI',00042,3348907654);
INSERT INTO CLIENTE(USERNAME,NOME,COGNOME,ETA,EMAIL,CITTA,VIA,CAP,NUMERO_TELEFONO) VALUES ('DRAGO90','VINCENZO','ALTAMURA',39,'alvins3@libero.it','MILANO','VIA_ROMOLO',20019,3458907755);
INSERT INTO CLIENTE(USERNAME,NOME,COGNOME,ETA,EMAIL,CITTA,VIA,CAP,NUMERO_TELEFONO) VALUES ('RERO','ALESSANDRO','RISSO',24,'aleRisso9@gmail.com','ROMA','VIA_ROMA',00042,3454907098);
INSERT INTO CLIENTE(USERNAME,NOME,COGNOME,ETA,EMAIL,CITTA,VIA,CAP,NUMERO_TELEFONO) VALUES ('SCARPE01','ROBERTO','RUSSIO',29,'robRu8@libero.it','NAPOLI','VIA_REMO',80100,3228903654);
INSERT INTO CLIENTE(USERNAME,NOME,COGNOME,ETA,EMAIL,CITTA,VIA,CAP,NUMERO_TELEFONO) VALUES ('CIRO45','CIRO','SCOTTO',45,'cirSC9@yahoo.it','TRIESTE','VIA_CESARE',34121,3223907653);
INSERT INTO CLIENTE(USERNAME,NOME,COGNOME,ETA,EMAIL,CITTA,VIA,CAP,NUMERO_TELEFONO) VALUES ('89YOOLO','ALESSIA','TERRA',20,'aleRRa@gmail.com','ROMA','VIA_LEOPARDI',00042,3994907654);
INSERT INTO CLIENTE(USERNAME,NOME,COGNOME,ETA,EMAIL,CITTA,VIA,CAP,NUMERO_TELEFONO) VALUES ('JORDANUSER','ANTONIO','FABBRI',22,'antFab@yahoo.it','NAPOLI','VIA_MONTE',80100,3858907654);
INSERT INTO CLIENTE(USERNAME,NOME,COGNOME,ETA,EMAIL,CITTA,VIA,CAP,NUMERO_TELEFONO) VALUES ('WALE2','MARIA','FARINA',23,'marFa3@yahoo.it','TRIESTE','VIA_ROSARIO',34121,3788907454);
INSERT INTO CLIENTE(USERNAME,NOME,COGNOME,ETA,EMAIL,CITTA,VIA,CAP,NUMERO_TELEFONO) VALUES ('EXTREME','FILIPPO','ELLIS',41,'FilEL@yahoo.it','ROMA','VIA_STORIA',00042,3443407654);
INSERT INTO CLIENTE(USERNAME,NOME,COGNOME,ETA,EMAIL,CITTA,VIA,CAP,NUMERO_TELEFONO) VALUES ('LIGHT009','ALESSANDRA','PAVON',19,'PAv0n@gmail.com','ROMA','VIA_ONESTI',00042,3452233659);
INSERT INTO CLIENTE(USERNAME,NOME,COGNOME,ETA,EMAIL,CITTA,VIA,CAP,NUMERO_TELEFONO) VALUES ('PENGUIN87','ALBERTO','MARTINI',19,'AlMar9@yahoo.it','FIRENZE','VIA_SAN_VITO',50100,3466707654);
INSERT INTO CLIENTE(USERNAME,NOME,COGNOME,ETA,EMAIL,CITTA,VIA,CAP,NUMERO_TELEFONO) VALUES ('TOTBLACK','GAIA','BIANCHI',19,'GABi@yahoo.it','MILANO','VIA_VALORE',20019,3458781054);

-------------------------------------------------------------------------------------------------------------------------------------

--EFFETTUA
--OVVIAMENTE OGNI CLIENTE PUO' EFFETTUARE PIU' ABBONAMENTI OLTRE A QUELLO FREE CHE E' GRATUITO,DI SEGUITO
--VENGONO ELENCATE SOLO ALCUNI ESEMPI PER NON RENDERE IL POPOLAMENTO TROPPO LUNGO
INSERT INTO EFFETTUA(NOME_ABBONAMENTO,USERNAME,DATA_INIZIO_ABB,DATA_FINE_ABB) VALUES('FREE','3TOGO',DATE'2020-05-24',DATE'2023-05-24');
INSERT INTO EFFETTUA(NOME_ABBONAMENTO,USERNAME,DATA_INIZIO_ABB,DATA_FINE_ABB) VALUES('FREE','VSTORM26',DATE'2020-05-24',DATE'2023-04-24');
INSERT INTO EFFETTUA(NOME_ABBONAMENTO,USERNAME,DATA_INIZIO_ABB,DATA_FINE_ABB) VALUES('FREE','GHOST78',DATE'2020-03-24',DATE'2023-03-24');
INSERT INTO EFFETTUA(NOME_ABBONAMENTO,USERNAME,DATA_INIZIO_ABB,DATA_FINE_ABB) VALUES('FREE','VLACO23',DATE'2020-02-24',DATE'2023-02-24');
INSERT INTO EFFETTUA(NOME_ABBONAMENTO,USERNAME,DATA_INIZIO_ABB,DATA_FINE_ABB) VALUES('FREE','DRAGO90',DATE'2020-01-24',DATE'2023-01-24');
INSERT INTO EFFETTUA(NOME_ABBONAMENTO,USERNAME,DATA_INIZIO_ABB,DATA_FINE_ABB) VALUES('FREE','RERO',DATE'2020-06-24',DATE'2023-06-24');
INSERT INTO EFFETTUA(NOME_ABBONAMENTO,USERNAME,DATA_INIZIO_ABB,DATA_FINE_ABB) VALUES('FREE','SCARPE01',DATE'2020-03-21',DATE'2023-03-21');
INSERT INTO EFFETTUA(NOME_ABBONAMENTO,USERNAME,DATA_INIZIO_ABB,DATA_FINE_ABB) VALUES('FREE','89YOOLO',DATE'2020-06-24',DATE'2023-06-24');
INSERT INTO EFFETTUA(NOME_ABBONAMENTO,USERNAME,DATA_INIZIO_ABB,DATA_FINE_ABB) VALUES('FREE','JORDANUSER',DATE'2020-03-23',DATE'2023-03-23');
INSERT INTO EFFETTUA(NOME_ABBONAMENTO,USERNAME,DATA_INIZIO_ABB,DATA_FINE_ABB) VALUES('FREE','WALE2',DATE'2020-02-24',DATE'2023-02-24');
INSERT INTO EFFETTUA(NOME_ABBONAMENTO,USERNAME,DATA_INIZIO_ABB,DATA_FINE_ABB) VALUES('FREE','EXTREME',DATE'2020-01-23',DATE'2023-01-23');
INSERT INTO EFFETTUA(NOME_ABBONAMENTO,USERNAME,DATA_INIZIO_ABB,DATA_FINE_ABB) VALUES('FREE','LIGHT009',DATE'2020-01-23',DATE'2023-01-23');
INSERT INTO EFFETTUA(NOME_ABBONAMENTO,USERNAME,DATA_INIZIO_ABB,DATA_FINE_ABB) VALUES('FREE','PENGUIN87',DATE'2020-05-23',DATE'2023-05-23');
INSERT INTO EFFETTUA(NOME_ABBONAMENTO,USERNAME,DATA_INIZIO_ABB,DATA_FINE_ABB) VALUES('FREE','TOTBLACK',DATE'2020-05-25',DATE'2023-05-25');
INSERT INTO EFFETTUA(NOME_ABBONAMENTO,USERNAME,DATA_INIZIO_ABB,DATA_FINE_ABB) VALUES('FREE','CIRO45',DATE'2020-05-26',DATE'2023-05-26');

INSERT INTO EFFETTUA(NOME_ABBONAMENTO,USERNAME,DATA_INIZIO_ABB,DATA_FINE_ABB) VALUES('WOOD','GHOST78',DATE'2022-08-03',DATE'2022-09-03');
INSERT INTO EFFETTUA(NOME_ABBONAMENTO,USERNAME,DATA_INIZIO_ABB,DATA_FINE_ABB) VALUES('GLASS','GHOST78',DATE'2022-09-03',DATE'2022-12-03');

INSERT INTO EFFETTUA(NOME_ABBONAMENTO,USERNAME,DATA_INIZIO_ABB,DATA_FINE_ABB) VALUES('BRICK','89YOOLO',DATE'2021-10-19',DATE'2021-12-19');

INSERT INTO EFFETTUA(NOME_ABBONAMENTO,USERNAME,DATA_INIZIO_ABB,DATA_FINE_ABB) VALUES('PLASTIC','DRAGO90',DATE'2020-09-12',DATE'2021-02-12');

INSERT INTO EFFETTUA(NOME_ABBONAMENTO,USERNAME,DATA_INIZIO_ABB,DATA_FINE_ABB) VALUES('IRON','EXTREME',DATE'2022-05-10',DATE'2022-12-10');

INSERT INTO EFFETTUA(NOME_ABBONAMENTO,USERNAME,DATA_INIZIO_ABB,DATA_FINE_ABB) VALUES('MERCURY','JORDANUSER',DATE'2021-05-04',DATE'2022-01-04');

INSERT INTO EFFETTUA(NOME_ABBONAMENTO,USERNAME,DATA_INIZIO_ABB,DATA_FINE_ABB) VALUES('STEEL','RERO',DATE'2021-12-13',DATE'2022-10-13');

INSERT INTO EFFETTUA(NOME_ABBONAMENTO,USERNAME,DATA_INIZIO_ABB,DATA_FINE_ABB) VALUES('SILVER','WALE2',DATE'2020-09-12',DATE'2021-08-12');

INSERT INTO EFFETTUA(NOME_ABBONAMENTO,USERNAME,DATA_INIZIO_ABB,DATA_FINE_ABB) VALUES('DIAMOND','VSTORM26',DATE'2022-05-23',DATE'2023-08-23');

INSERT INTO EFFETTUA(NOME_ABBONAMENTO,USERNAME,DATA_INIZIO_ABB,DATA_FINE_ABB) VALUES('PLATINUM','3TOGO',DATE'2021-12-23',DATE'2023-12-23');

INSERT INTO EFFETTUA(NOME_ABBONAMENTO,USERNAME,DATA_INIZIO_ABB,DATA_FINE_ABB) VALUES('PLATINUM','PENGUIN87',DATE'2021-11-23',DATE'2023-11-23');

INSERT INTO EFFETTUA(NOME_ABBONAMENTO,USERNAME,DATA_INIZIO_ABB,DATA_FINE_ABB) VALUES('PLATINUM','TOTBLACK',DATE'2021-10-23',DATE'2023-10-23');

-------------------------------------------------------------------------------------------------------------------------------------

--CARTA
--OVVIAMENTE OGNI CLIENTE DEVE INSERIRE UNA CARTA, DI SEGUITO VENGONO INSERITE PERO' SOLO 15 CARTE
--AFFINCHE' OGNUNA SI RIFERISCA AD UNO SPECIFICO ACQUISTO E PER NON RENDERE IL POPOLAMENTO TROPPO LUNGO
INSERT INTO CARTA(NUMERO_CARTA,USERNAME,CODICE_ACQUISTO,TIPO_CARTA,SCADENZA,CODICE_SICUREZZA) VALUES (20739367,'3TOGO','ACQ01','VISA',DATE'2024-07-03',143);
INSERT INTO CARTA(NUMERO_CARTA,USERNAME,CODICE_ACQUISTO,TIPO_CARTA,SCADENZA,CODICE_SICUREZZA) VALUES (34539398,'3TOGO','ACQ02','MASTERCARD',DATE'2025-08-03',893);

INSERT INTO CARTA(NUMERO_CARTA,USERNAME,CODICE_ACQUISTO,TIPO_CARTA,SCADENZA,CODICE_SICUREZZA) VALUES (55649367,'VSTORM26','ACQ03','VISA',DATE'2024-08-21',743);
INSERT INTO CARTA(NUMERO_CARTA,USERNAME,CODICE_ACQUISTO,TIPO_CARTA,SCADENZA,CODICE_SICUREZZA) VALUES (09535367,'VSTORM26','ACQ04','PAYPAL',DATE'2023-09-21',323);

INSERT INTO CARTA(NUMERO_CARTA,USERNAME,CODICE_ACQUISTO,TIPO_CARTA,SCADENZA,CODICE_SICUREZZA) VALUES (67890564,'GHOST78','ACQ05','MASTERCARD',DATE'2024-07-03',143);

INSERT INTO CARTA(NUMERO_CARTA,USERNAME,CODICE_ACQUISTO,TIPO_CARTA,SCADENZA,CODICE_SICUREZZA) VALUES (64538562,'VLACO23','ACQ06','PAYPAL',DATE'2028-11-20',039);

INSERT INTO CARTA(NUMERO_CARTA,USERNAME,CODICE_ACQUISTO,TIPO_CARTA,SCADENZA,CODICE_SICUREZZA) VALUES (14379167,'89YOOLO','ACQ07','PAYPAL',DATE'2024-08-03',198);

INSERT INTO CARTA(NUMERO_CARTA,USERNAME,CODICE_ACQUISTO,TIPO_CARTA,SCADENZA,CODICE_SICUREZZA) VALUES (59125500,'JORDANUSER','ACQ08','PAYPAL',DATE'2026-07-03',423);
INSERT INTO CARTA(NUMERO_CARTA,USERNAME,CODICE_ACQUISTO,TIPO_CARTA,SCADENZA,CODICE_SICUREZZA) VALUES (76091746,'JORDANUSER','ACQ09','VISA',DATE'2024-07-03',324);

INSERT INTO CARTA(NUMERO_CARTA,USERNAME,CODICE_ACQUISTO,TIPO_CARTA,SCADENZA,CODICE_SICUREZZA) VALUES (90511972,'WALE2','ACQ10','VISA',DATE'2025-04-20',432);

INSERT INTO CARTA(NUMERO_CARTA,USERNAME,CODICE_ACQUISTO,TIPO_CARTA,SCADENZA,CODICE_SICUREZZA) VALUES (50010695,'EXTREME','ACQ11','MASTERCARD',DATE'2024-07-03',190);

INSERT INTO CARTA(NUMERO_CARTA,USERNAME,CODICE_ACQUISTO,TIPO_CARTA,SCADENZA,CODICE_SICUREZZA) VALUES (92313757,'CIRO45','ACQ12','PAYPAL',DATE'2025-07-23',345);

INSERT INTO CARTA(NUMERO_CARTA,USERNAME,CODICE_ACQUISTO,TIPO_CARTA,SCADENZA,CODICE_SICUREZZA) VALUES (50010678,'LIGHT009','ACQ13','MASTERCARD',DATE'2024-07-02',191);

INSERT INTO CARTA(NUMERO_CARTA,USERNAME,CODICE_ACQUISTO,TIPO_CARTA,SCADENZA,CODICE_SICUREZZA) VALUES (19894178,'PENGUIN87','ACQ14','VISA',DATE'2028-12-15',902);

INSERT INTO CARTA(NUMERO_CARTA,USERNAME,CODICE_ACQUISTO,TIPO_CARTA,SCADENZA,CODICE_SICUREZZA) VALUES (92313787,'TOTBLACK','ACQ15','PAYPAL',DATE'2025-07-22',346);

-------------------------------------------------------------------------------------------------------------------------------------

--CATALOGO
--OVVIAMENTE VENGONO ASSOCIATI CATALOGHI CHE DIFFERISCONO PER GENERE E FASCIA D'ETA AD OGNI ABBONAMENTO,
--DI SEGUITO SE NE ELENCANO ALCUNI PER SMALTIRE MOLTE RIGHE IL POPOLAMENTO
INSERT INTO CATALOGO(NOME_CATALOGO,NOME_ABBONAMENTO,GENERE,FASCIA_D_ETA) VALUES ('CATALOGO1MR','FREE','M','RAGAZZI');
INSERT INTO CATALOGO(NOME_CATALOGO,NOME_ABBONAMENTO,GENERE,FASCIA_D_ETA) VALUES ('CATALOGO1MA','FREE','M','ADULTO');
INSERT INTO CATALOGO(NOME_CATALOGO,NOME_ABBONAMENTO,GENERE,FASCIA_D_ETA) VALUES ('CATALOGO1FR','FREE','F','RAGAZZI');
INSERT INTO CATALOGO(NOME_CATALOGO,NOME_ABBONAMENTO,GENERE,FASCIA_D_ETA) VALUES ('CATALOGO1FA','FREE','F','ADULTO');
INSERT INTO CATALOGO(NOME_CATALOGO,NOME_ABBONAMENTO,GENERE,FASCIA_D_ETA) VALUES ('CATALOGO1UR','FREE','U','RAGAZZI');
INSERT INTO CATALOGO(NOME_CATALOGO,NOME_ABBONAMENTO,GENERE,FASCIA_D_ETA) VALUES ('CATALOGO1UA','FREE','U','ADULTO');

INSERT INTO CATALOGO(NOME_CATALOGO,NOME_ABBONAMENTO,GENERE,FASCIA_D_ETA) VALUES ('CATALOGO14MR','DIAMOND','M','RAGAZZI');
INSERT INTO CATALOGO(NOME_CATALOGO,NOME_ABBONAMENTO,GENERE,FASCIA_D_ETA) VALUES ('CATALOGO14MA','DIAMOND','M','ADULTO');
INSERT INTO CATALOGO(NOME_CATALOGO,NOME_ABBONAMENTO,GENERE,FASCIA_D_ETA) VALUES ('CATALOGO14UA','DIAMOND','U','ADULTO');

INSERT INTO CATALOGO(NOME_CATALOGO,NOME_ABBONAMENTO,GENERE,FASCIA_D_ETA) VALUES ('CATALOGO15MR','PLATINUM','M','RAGAZZI');
INSERT INTO CATALOGO(NOME_CATALOGO,NOME_ABBONAMENTO,GENERE,FASCIA_D_ETA) VALUES ('CATALOGO15MA','PLATINUM','M','ADULTO');
INSERT INTO CATALOGO(NOME_CATALOGO,NOME_ABBONAMENTO,GENERE,FASCIA_D_ETA) VALUES ('CATALOGO15FR','PLATINUM','F','RAGAZZI');
INSERT INTO CATALOGO(NOME_CATALOGO,NOME_ABBONAMENTO,GENERE,FASCIA_D_ETA) VALUES ('CATALOGO15FA','PLATINUM','F','ADULTO');
INSERT INTO CATALOGO(NOME_CATALOGO,NOME_ABBONAMENTO,GENERE,FASCIA_D_ETA) VALUES ('CATALOGO15UR','PLATINUM','U','RAGAZZI');
INSERT INTO CATALOGO(NOME_CATALOGO,NOME_ABBONAMENTO,GENERE,FASCIA_D_ETA) VALUES ('CATALOGO15UA','PLATINUM','U','ADULTO');

-------------------------------------------------------------------------------------------------------------------------------------

--PRODOTTO
INSERT INTO PRODOTTO(ID_PRODOTTO,NOME_CATALOGO,CODICE_ACQUISTO,BRAND,DATA_PUBBLICAZIONE) VALUES ('PRD01','CATALOGO1UA','ACQ02','JORDAN',DATE'2021-12-04');
INSERT INTO PRODOTTO(ID_PRODOTTO,NOME_CATALOGO,CODICE_ACQUISTO,BRAND,DATA_PUBBLICAZIONE) VALUES ('PRD02','CATALOGO1UA','ACQ03','NIKE',DATE'2021-12-05');
INSERT INTO PRODOTTO(ID_PRODOTTO,NOME_CATALOGO,CODICE_ACQUISTO,BRAND,DATA_PUBBLICAZIONE) VALUES ('PRD03','CATALOGO15UA','ACQ01','DIOR',DATE'2021-12-06');
INSERT INTO PRODOTTO(ID_PRODOTTO,NOME_CATALOGO,CODICE_ACQUISTO,BRAND,DATA_PUBBLICAZIONE) VALUES ('PRD04','CATALOGO1UA','ACQ04','YEEZY',DATE'2021-12-07');
INSERT INTO PRODOTTO(ID_PRODOTTO,NOME_CATALOGO,CODICE_ACQUISTO,BRAND,DATA_PUBBLICAZIONE) VALUES ('PRD05','CATALOGO1UA','ACQ05','CACTUS_JACK',DATE'2021-12-01');
INSERT INTO PRODOTTO(ID_PRODOTTO,NOME_CATALOGO,CODICE_ACQUISTO,BRAND,DATA_PUBBLICAZIONE) VALUES ('PRD06','CATALOGO15UA','ACQ06','JORDAN',DATE'2021-12-02');
INSERT INTO PRODOTTO(ID_PRODOTTO,NOME_CATALOGO,CODICE_ACQUISTO,BRAND,DATA_PUBBLICAZIONE) VALUES ('PRD07','CATALOGO1UR','ACQ07','JORDAN',DATE'2021-12-03');
INSERT INTO PRODOTTO(ID_PRODOTTO,NOME_CATALOGO,CODICE_ACQUISTO,BRAND,DATA_PUBBLICAZIONE) VALUES ('PRD08','CATALOGO15UA','ACQ08','OFF_WHITE',DATE'2021-12-08');
INSERT INTO PRODOTTO(ID_PRODOTTO,NOME_CATALOGO,CODICE_ACQUISTO,BRAND,DATA_PUBBLICAZIONE) VALUES ('PRD09','CATALOGO15UA','ACQ09','JORDAN',DATE'2021-12-09');
INSERT INTO PRODOTTO(ID_PRODOTTO,NOME_CATALOGO,CODICE_ACQUISTO,BRAND,DATA_PUBBLICAZIONE) VALUES ('PRD10','CATALOGO1UA','ACQ10','ADIDAS',DATE'2021-12-10');
INSERT INTO PRODOTTO(ID_PRODOTTO,NOME_CATALOGO,CODICE_ACQUISTO,BRAND,DATA_PUBBLICAZIONE) VALUES ('PRD11','CATALOGO1UA','ACQ09','MCQUEEN',DATE'2021-12-11');
INSERT INTO PRODOTTO(ID_PRODOTTO,NOME_CATALOGO,CODICE_ACQUISTO,BRAND,DATA_PUBBLICAZIONE) VALUES ('PRD12','CATALOGO1UA','ACQ10','YEEZY',DATE'2021-12-12');
INSERT INTO PRODOTTO(ID_PRODOTTO,NOME_CATALOGO,CODICE_ACQUISTO,BRAND,DATA_PUBBLICAZIONE) VALUES ('PRD13','CATALOGO1UA','ACQ11','YEEZY',DATE'2021-12-13');
INSERT INTO PRODOTTO(ID_PRODOTTO,NOME_CATALOGO,CODICE_ACQUISTO,BRAND,DATA_PUBBLICAZIONE) VALUES ('PRD14','CATALOGO1UA','ACQ12','ADIDAS',DATE'2021-12-14');
INSERT INTO PRODOTTO(ID_PRODOTTO,NOME_CATALOGO,CODICE_ACQUISTO,BRAND,DATA_PUBBLICAZIONE) VALUES ('PRD15','CATALOGO1UA','ACQ13','JORDAN',DATE'2021-12-15');

INSERT INTO PRODOTTO(ID_PRODOTTO,NOME_CATALOGO,CODICE_ACQUISTO,BRAND,DATA_PUBBLICAZIONE) VALUES ('PRD16M','CATALOGO1MA','ACQ15','OVO',DATE'2021-12-16');
INSERT INTO PRODOTTO(ID_PRODOTTO,NOME_CATALOGO,CODICE_ACQUISTO,BRAND,DATA_PUBBLICAZIONE) VALUES ('PRD16L','CATALOGO1MA','ACQ14','OVO',DATE'2021-12-16');
INSERT INTO PRODOTTO(ID_PRODOTTO,NOME_CATALOGO,CODICE_ACQUISTO,BRAND,DATA_PUBBLICAZIONE) VALUES ('PRD16XL','CATALOGO1MA','ACQ02','OVO',DATE'2021-12-16');

INSERT INTO PRODOTTO(ID_PRODOTTO,NOME_CATALOGO,CODICE_ACQUISTO,BRAND,DATA_PUBBLICAZIONE) VALUES ('PRD17S','CATALOGO1MR','ACQ01','THE_NORTH_FACE',DATE'2021-12-20');
INSERT INTO PRODOTTO(ID_PRODOTTO,NOME_CATALOGO,CODICE_ACQUISTO,BRAND,DATA_PUBBLICAZIONE) VALUES ('PRD17M','CATALOGO1MA','ACQ02','THE_NORTH_FACE',DATE'2021-12-20');
INSERT INTO PRODOTTO(ID_PRODOTTO,NOME_CATALOGO,CODICE_ACQUISTO,BRAND,DATA_PUBBLICAZIONE) VALUES ('PRD17L','CATALOGO1MA','ACQ03','THE_NORTH_FACE',DATE'2021-12-20');
INSERT INTO PRODOTTO(ID_PRODOTTO,NOME_CATALOGO,CODICE_ACQUISTO,BRAND,DATA_PUBBLICAZIONE) VALUES ('PRD17XL','CATALOGO1MA','ACQ04','THE_NORTH_FACE',DATE'2021-12-20');

INSERT INTO PRODOTTO(ID_PRODOTTO,NOME_CATALOGO,CODICE_ACQUISTO,BRAND,DATA_PUBBLICAZIONE) VALUES ('PRD18S','CATALOGO1MR','ACQ05','VLONE',DATE'2021-12-24');
INSERT INTO PRODOTTO(ID_PRODOTTO,NOME_CATALOGO,CODICE_ACQUISTO,BRAND,DATA_PUBBLICAZIONE) VALUES ('PRD18M','CATALOGO1MA','ACQ06','VLONE',DATE'2021-12-24');
INSERT INTO PRODOTTO(ID_PRODOTTO,NOME_CATALOGO,CODICE_ACQUISTO,BRAND,DATA_PUBBLICAZIONE) VALUES ('PRD18L','CATALOGO1MA','ACQ07','VLONE',DATE'2021-12-24');
INSERT INTO PRODOTTO(ID_PRODOTTO,NOME_CATALOGO,CODICE_ACQUISTO,BRAND,DATA_PUBBLICAZIONE) VALUES ('PRD18XL','CATALOGO1MA','ACQ08','VLONE',DATE'2021-12-24');

INSERT INTO PRODOTTO(ID_PRODOTTO,NOME_CATALOGO,CODICE_ACQUISTO,BRAND,DATA_PUBBLICAZIONE) VALUES ('PRD19S','CATALOGO1FR','ACQ01','SUPREME',DATE'2021-12-17');
INSERT INTO PRODOTTO(ID_PRODOTTO,NOME_CATALOGO,CODICE_ACQUISTO,BRAND,DATA_PUBBLICAZIONE) VALUES ('PRD19M','CATALOGO1FA','ACQ01','SUPREME',DATE'2021-12-17');
INSERT INTO PRODOTTO(ID_PRODOTTO,NOME_CATALOGO,CODICE_ACQUISTO,BRAND,DATA_PUBBLICAZIONE) VALUES ('PRD19L','CATALOGO1FA','ACQ03','SUPREME',DATE'2021-12-17');
INSERT INTO PRODOTTO(ID_PRODOTTO,NOME_CATALOGO,CODICE_ACQUISTO,BRAND,DATA_PUBBLICAZIONE) VALUES ('PRD19XL','CATALOGO1FA','ACQ11','SUPREME',DATE'2021-12-17');

-------------------------------------------------------------------------------------------------------------------------------------

--CAPI HYPE
INSERT INTO CAPI_HYPE(ID_PRODOTTO,NOME_CAPO,TAGLIA,PREZZO_CAPO,TIPOLOGIA,TESSUTO) VALUES ('PRD16M','OVO_JACKET','M',220,'FELPA','COTONE');
INSERT INTO CAPI_HYPE(ID_PRODOTTO,NOME_CAPO,TAGLIA,PREZZO_CAPO,TIPOLOGIA,TESSUTO) VALUES ('PRD16L','OVO_JACKET','L',220,'FELPA','COTONE');
INSERT INTO CAPI_HYPE(ID_PRODOTTO,NOME_CAPO,TAGLIA,PREZZO_CAPO,TIPOLOGIA,TESSUTO) VALUES ('PRD16XL','OVO_JACKET','XL',220,'FELPA','COTONE');

INSERT INTO CAPI_HYPE(ID_PRODOTTO,NOME_CAPO,TAGLIA,PREZZO_CAPO,TIPOLOGIA,TESSUTO) VALUES ('PRD17S','NORTH_FACE_JACKET','S',70,'GIUBBINO','COTONE');
INSERT INTO CAPI_HYPE(ID_PRODOTTO,NOME_CAPO,TAGLIA,PREZZO_CAPO,TIPOLOGIA,TESSUTO) VALUES ('PRD17M','NORTH_FACE_JACKET','M',70,'GIUBBINO','COTONE');
INSERT INTO CAPI_HYPE(ID_PRODOTTO,NOME_CAPO,TAGLIA,PREZZO_CAPO,TIPOLOGIA,TESSUTO) VALUES ('PRD17L','NORTH_FACE_JACKET','L',70,'GIUBBINO','COTONE');
INSERT INTO CAPI_HYPE(ID_PRODOTTO,NOME_CAPO,TAGLIA,PREZZO_CAPO,TIPOLOGIA,TESSUTO) VALUES ('PRD17XL','NORTH_FACE_JACKET','XL',70,'GIUBBINO','COTONE');

INSERT INTO CAPI_HYPE(ID_PRODOTTO,NOME_CAPO,TAGLIA,PREZZO_CAPO,TIPOLOGIA,TESSUTO) VALUES ('PRD18S','VLONE_X_JUICE','S',180,'TSHIRT','CUOIO');
INSERT INTO CAPI_HYPE(ID_PRODOTTO,NOME_CAPO,TAGLIA,PREZZO_CAPO,TIPOLOGIA,TESSUTO) VALUES ('PRD18M','VLONE_X_JUICE','M',180,'TSHIRT','CUOIO');
INSERT INTO CAPI_HYPE(ID_PRODOTTO,NOME_CAPO,TAGLIA,PREZZO_CAPO,TIPOLOGIA,TESSUTO) VALUES ('PRD18L','VLONE_X_JUICE','L',180,'TSHIRT','CUOIO');
INSERT INTO CAPI_HYPE(ID_PRODOTTO,NOME_CAPO,TAGLIA,PREZZO_CAPO,TIPOLOGIA,TESSUTO) VALUES ('PRD18XL','VLONE_X_JUICE','XL',180,'TSHIRT','CUOIO');

INSERT INTO CAPI_HYPE(ID_PRODOTTO,NOME_CAPO,TAGLIA,PREZZO_CAPO,TIPOLOGIA,TESSUTO) VALUES ('PRD19S','SUPREME_FUTURA','S',150,'TSHIRT','STOFFA');
INSERT INTO CAPI_HYPE(ID_PRODOTTO,NOME_CAPO,TAGLIA,PREZZO_CAPO,TIPOLOGIA,TESSUTO) VALUES ('PRD19M','SUPREME_FUTURA','M',150,'TSHIRT','STOFFA');
INSERT INTO CAPI_HYPE(ID_PRODOTTO,NOME_CAPO,TAGLIA,PREZZO_CAPO,TIPOLOGIA,TESSUTO) VALUES ('PRD19L','SUPREME_FUTURA','L',150,'TSHIRT','STOFFA');
INSERT INTO CAPI_HYPE(ID_PRODOTTO,NOME_CAPO,TAGLIA,PREZZO_CAPO,TIPOLOGIA,TESSUTO) VALUES ('PRD19XL','SUPREME_FUTURA','XL',150,'TSHIRT','STOFFA');

-------------------------------------------------------------------------------------------------------------------------------------

--SCARPE
INSERT INTO SCARPE(ID_PRODOTTO,NOME_SCARPE,MODELLO,MATERIALE,PREZZO_SCARPE) VALUES ('PRD01','JORDAN_4_RETRO_MB','SNEACKERS','PELLE',430);
INSERT INTO SCARPE(ID_PRODOTTO,NOME_SCARPE,MODELLO,MATERIALE,PREZZO_SCARPE) VALUES ('PRD02','DUNK_PANDA_HIGH','SNEACKERS','TESSUTO',180);
INSERT INTO SCARPE(ID_PRODOTTO,NOME_SCARPE,MODELLO,MATERIALE,PREZZO_SCARPE) VALUES ('PRD03','DIOR_B22','SNEACKERS','PELLE',900);
INSERT INTO SCARPE(ID_PRODOTTO,NOME_SCARPE,MODELLO,MATERIALE,PREZZO_SCARPE) VALUES ('PRD04','YEEZY_SLIDE_PURE','SLIPPERS','CUOIO',150);
INSERT INTO SCARPE(ID_PRODOTTO,NOME_SCARPE,MODELLO,MATERIALE,PREZZO_SCARPE) VALUES ('PRD05','TRAVIS_SCOTT_CJ_BAROQUE','SNEACKERS','PELLE',500);
INSERT INTO SCARPE(ID_PRODOTTO,NOME_SCARPE,MODELLO,MATERIALE,PREZZO_SCARPE) VALUES ('PRD06','JORDAN1_CHICAGO_HIGH','SNEACKERS','CUOIO',450);
INSERT INTO SCARPE(ID_PRODOTTO,NOME_SCARPE,MODELLO,MATERIALE,PREZZO_SCARPE) VALUES ('PRD07','JORDAN1_UNIVERSITY_HIGH','SNEACKERS','TESSUTO',450);
INSERT INTO SCARPE(ID_PRODOTTO,NOME_SCARPE,MODELLO,MATERIALE,PREZZO_SCARPE) VALUES ('PRD08','OFF_WHITE_X_JORDAN1_RETRO','SNEACKERS','TESSUTO',600);
INSERT INTO SCARPE(ID_PRODOTTO,NOME_SCARPE,MODELLO,MATERIALE,PREZZO_SCARPE) VALUES ('PRD09','JORDAN_6_RETRO_RED_OREO','SNEACKERS','CUOIO',270);
INSERT INTO SCARPE(ID_PRODOTTO,NOME_SCARPE,MODELLO,MATERIALE,PREZZO_SCARPE) VALUES ('PRD10','ADIDAS_OZELIA','SNEACKERS','TESSUTO',100);
INSERT INTO SCARPE(ID_PRODOTTO,NOME_SCARPE,MODELLO,MATERIALE,PREZZO_SCARPE) VALUES ('PRD11','ALEXANDER_MCQUEEN','SNEACKERS','PELLE',450);
INSERT INTO SCARPE(ID_PRODOTTO,NOME_SCARPE,MODELLO,MATERIALE,PREZZO_SCARPE) VALUES ('PRD12','YEEZY_FOAM_RNNR','SLIPPERS','CUOIO',200);
INSERT INTO SCARPE(ID_PRODOTTO,NOME_SCARPE,MODELLO,MATERIALE,PREZZO_SCARPE) VALUES ('PRD13','YEEZY_BOOST_350','SNEACKERS','TELATE',370);
INSERT INTO SCARPE(ID_PRODOTTO,NOME_SCARPE,MODELLO,MATERIALE,PREZZO_SCARPE) VALUES ('PRD14','ADIDAS_OZWEEGO','SNEACKERS','TESSUTO',130);
INSERT INTO SCARPE(ID_PRODOTTO,NOME_SCARPE,MODELLO,MATERIALE,PREZZO_SCARPE) VALUES ('PRD15','JORDAN_1_RETRO_HIGH_OG','SNEACKERS','CUOIO',240);

-------------------------------------------------------------------------------------------------------------------------------------

--TAGLIA SCARPE
INSERT INTO TAGLIA_SCARPE(NUMERO_TAGLIA,PREZZO_TAGLIA) VALUES (36,10);
INSERT INTO TAGLIA_SCARPE(NUMERO_TAGLIA,PREZZO_TAGLIA) VALUES (37,15);
INSERT INTO TAGLIA_SCARPE(NUMERO_TAGLIA,PREZZO_TAGLIA) VALUES (38,20);
INSERT INTO TAGLIA_SCARPE(NUMERO_TAGLIA,PREZZO_TAGLIA) VALUES (39,25);
INSERT INTO TAGLIA_SCARPE(NUMERO_TAGLIA,PREZZO_TAGLIA) VALUES (40,30);
INSERT INTO TAGLIA_SCARPE(NUMERO_TAGLIA,PREZZO_TAGLIA) VALUES (41,35);
INSERT INTO TAGLIA_SCARPE(NUMERO_TAGLIA,PREZZO_TAGLIA) VALUES (42,40);
INSERT INTO TAGLIA_SCARPE(NUMERO_TAGLIA,PREZZO_TAGLIA) VALUES (43,45);
INSERT INTO TAGLIA_SCARPE(NUMERO_TAGLIA,PREZZO_TAGLIA) VALUES (44,50);
INSERT INTO TAGLIA_SCARPE(NUMERO_TAGLIA,PREZZO_TAGLIA) VALUES (45,55);
INSERT INTO TAGLIA_SCARPE(NUMERO_TAGLIA,PREZZO_TAGLIA) VALUES (46,60);
INSERT INTO TAGLIA_SCARPE(NUMERO_TAGLIA,PREZZO_TAGLIA) VALUES (47,65);
INSERT INTO TAGLIA_SCARPE(NUMERO_TAGLIA,PREZZO_TAGLIA) VALUES (48,70);
INSERT INTO TAGLIA_SCARPE(NUMERO_TAGLIA,PREZZO_TAGLIA) VALUES (49,75);
INSERT INTO TAGLIA_SCARPE(NUMERO_TAGLIA,PREZZO_TAGLIA) VALUES (50,80);

-------------------------------------------------------------------------------------------------------------------------------------

--SUDDIVISE IN
--PRESI SOLO 2 PRODOTTI COME ESEMPIO
INSERT INTO SUDDIVISE_IN(ID_PRODOTTO,NUMERO_TAGLIA) VALUES('PRD01',36);
INSERT INTO SUDDIVISE_IN(ID_PRODOTTO,NUMERO_TAGLIA) VALUES('PRD01',37);
INSERT INTO SUDDIVISE_IN(ID_PRODOTTO,NUMERO_TAGLIA) VALUES('PRD01',38);
INSERT INTO SUDDIVISE_IN(ID_PRODOTTO,NUMERO_TAGLIA) VALUES('PRD01',39);
INSERT INTO SUDDIVISE_IN(ID_PRODOTTO,NUMERO_TAGLIA) VALUES('PRD01',40);
INSERT INTO SUDDIVISE_IN(ID_PRODOTTO,NUMERO_TAGLIA) VALUES('PRD01',41);
INSERT INTO SUDDIVISE_IN(ID_PRODOTTO,NUMERO_TAGLIA) VALUES('PRD01',42);
INSERT INTO SUDDIVISE_IN(ID_PRODOTTO,NUMERO_TAGLIA) VALUES('PRD01',43);
INSERT INTO SUDDIVISE_IN(ID_PRODOTTO,NUMERO_TAGLIA) VALUES('PRD01',44);
INSERT INTO SUDDIVISE_IN(ID_PRODOTTO,NUMERO_TAGLIA) VALUES('PRD01',45);
INSERT INTO SUDDIVISE_IN(ID_PRODOTTO,NUMERO_TAGLIA) VALUES('PRD01',46);
INSERT INTO SUDDIVISE_IN(ID_PRODOTTO,NUMERO_TAGLIA) VALUES('PRD01',47);
INSERT INTO SUDDIVISE_IN(ID_PRODOTTO,NUMERO_TAGLIA) VALUES('PRD01',48);
INSERT INTO SUDDIVISE_IN(ID_PRODOTTO,NUMERO_TAGLIA) VALUES('PRD01',49);
INSERT INTO SUDDIVISE_IN(ID_PRODOTTO,NUMERO_TAGLIA) VALUES('PRD01',50);

INSERT INTO SUDDIVISE_IN(ID_PRODOTTO,NUMERO_TAGLIA) VALUES('PRD02',36);
INSERT INTO SUDDIVISE_IN(ID_PRODOTTO,NUMERO_TAGLIA) VALUES('PRD02',37);
INSERT INTO SUDDIVISE_IN(ID_PRODOTTO,NUMERO_TAGLIA) VALUES('PRD02',38);
INSERT INTO SUDDIVISE_IN(ID_PRODOTTO,NUMERO_TAGLIA) VALUES('PRD02',39);
INSERT INTO SUDDIVISE_IN(ID_PRODOTTO,NUMERO_TAGLIA) VALUES('PRD02',40);
INSERT INTO SUDDIVISE_IN(ID_PRODOTTO,NUMERO_TAGLIA) VALUES('PRD02',41);
INSERT INTO SUDDIVISE_IN(ID_PRODOTTO,NUMERO_TAGLIA) VALUES('PRD02',42);
INSERT INTO SUDDIVISE_IN(ID_PRODOTTO,NUMERO_TAGLIA) VALUES('PRD02',43);
INSERT INTO SUDDIVISE_IN(ID_PRODOTTO,NUMERO_TAGLIA) VALUES('PRD02',44);
INSERT INTO SUDDIVISE_IN(ID_PRODOTTO,NUMERO_TAGLIA) VALUES('PRD02',45);
INSERT INTO SUDDIVISE_IN(ID_PRODOTTO,NUMERO_TAGLIA) VALUES('PRD02',46);
INSERT INTO SUDDIVISE_IN(ID_PRODOTTO,NUMERO_TAGLIA) VALUES('PRD02',47);
INSERT INTO SUDDIVISE_IN(ID_PRODOTTO,NUMERO_TAGLIA) VALUES('PRD02',48);
INSERT INTO SUDDIVISE_IN(ID_PRODOTTO,NUMERO_TAGLIA) VALUES('PRD02',49);
INSERT INTO SUDDIVISE_IN(ID_PRODOTTO,NUMERO_TAGLIA) VALUES('PRD02',50);

-------------------------------------------------------------------------------------------------------------------------------------

--FORNITURA
INSERT INTO FORNITURA(ID_FORNITURA,AZIENDA_FORNITORE,ID_PRODOTTO,DATA_FORNITURA,QUANTITA,TAGLIA_FORNITA,PREZZO_FORNITURA) VALUES ('FRN01','JORDAN','PRD01',DATE'2022-05-28',70,'40',8000);
INSERT INTO FORNITURA(ID_FORNITURA,AZIENDA_FORNITORE,ID_PRODOTTO,DATA_FORNITURA,QUANTITA,TAGLIA_FORNITA,PREZZO_FORNITURA) VALUES ('FRN02','JORDAN','PRD01',DATE'2022-05-28',70,'41',8000);
INSERT INTO FORNITURA(ID_FORNITURA,AZIENDA_FORNITORE,ID_PRODOTTO,DATA_FORNITURA,QUANTITA,TAGLIA_FORNITA,PREZZO_FORNITURA) VALUES ('FRN03','JORDAN','PRD01',DATE'2022-05-01',70,'42',8000);
INSERT INTO FORNITURA(ID_FORNITURA,AZIENDA_FORNITORE,ID_PRODOTTO,DATA_FORNITURA,QUANTITA,TAGLIA_FORNITA,PREZZO_FORNITURA) VALUES ('FRN04','JORDAN','PRD01',DATE'2022-06-01',70,'42',8600);

INSERT INTO FORNITURA(ID_FORNITURA,AZIENDA_FORNITORE,ID_PRODOTTO,DATA_FORNITURA,QUANTITA,TAGLIA_FORNITA,PREZZO_FORNITURA) VALUES ('FRN05','NIKE','PRD02',DATE'2022-03-28',70,'40',8000);
INSERT INTO FORNITURA(ID_FORNITURA,AZIENDA_FORNITORE,ID_PRODOTTO,DATA_FORNITURA,QUANTITA,TAGLIA_FORNITA,PREZZO_FORNITURA) VALUES ('FRN06','NIKE','PRD02',DATE'2022-02-28',70,'40',8800);
INSERT INTO FORNITURA(ID_FORNITURA,AZIENDA_FORNITORE,ID_PRODOTTO,DATA_FORNITURA,QUANTITA,TAGLIA_FORNITA,PREZZO_FORNITURA) VALUES ('FRN07','NIKE','PRD02',DATE'2022-05-07',70,'42',8400);
INSERT INTO FORNITURA(ID_FORNITURA,AZIENDA_FORNITORE,ID_PRODOTTO,DATA_FORNITURA,QUANTITA,TAGLIA_FORNITA,PREZZO_FORNITURA) VALUES ('FRN08','NIKE','PRD02',DATE'2022-05-07',70,'43',8400);

INSERT INTO FORNITURA(ID_FORNITURA,AZIENDA_FORNITORE,ID_PRODOTTO,DATA_FORNITURA,QUANTITA,TAGLIA_FORNITA,PREZZO_FORNITURA) VALUES ('FRN09','DIOR','PRD03',DATE'2022-04-26',70,'41',12000);
INSERT INTO FORNITURA(ID_FORNITURA,AZIENDA_FORNITORE,ID_PRODOTTO,DATA_FORNITURA,QUANTITA,TAGLIA_FORNITA,PREZZO_FORNITURA) VALUES ('FRN10','DIOR','PRD03',DATE'2022-05-26',70,'41',12000);

INSERT INTO FORNITURA(ID_FORNITURA,AZIENDA_FORNITORE,ID_PRODOTTO,DATA_FORNITURA,QUANTITA,TAGLIA_FORNITA,PREZZO_FORNITURA) VALUES ('FRN11','YEEZY','PRD04',DATE'2022-05-22',70,'46',8400);
INSERT INTO FORNITURA(ID_FORNITURA,AZIENDA_FORNITORE,ID_PRODOTTO,DATA_FORNITURA,QUANTITA,TAGLIA_FORNITA,PREZZO_FORNITURA) VALUES ('FRN12','YEEZY','PRD04',DATE'2022-05-22',70,'44',8400);

INSERT INTO FORNITURA(ID_FORNITURA,AZIENDA_FORNITORE,ID_PRODOTTO,DATA_FORNITURA,QUANTITA,TAGLIA_FORNITA,PREZZO_FORNITURA) VALUES ('FRN13','CACTUS_JACK','PRD05',DATE'2022-05-21',70,'45',9400);

INSERT INTO FORNITURA(ID_FORNITURA,AZIENDA_FORNITORE,ID_PRODOTTO,DATA_FORNITURA,QUANTITA,TAGLIA_FORNITA,PREZZO_FORNITURA) VALUES ('FRN14','OVO','PRD16L',DATE'2022-05-08',70,'L',8800);
INSERT INTO FORNITURA(ID_FORNITURA,AZIENDA_FORNITORE,ID_PRODOTTO,DATA_FORNITURA,QUANTITA,TAGLIA_FORNITA,PREZZO_FORNITURA) VALUES ('FRN15','OVO','PRD16M',DATE'2022-05-08',70,'M',8800);

-------------------------------------------------------------------------------------------------------------------------------------

--E' CONTENUTA IN
INSERT INTO E_CONTENUTA_IN(NUMERO_MAGAZZINO,ID_FORNITURA,QUANTITA_DISTRIB) VALUES ('MGZ01','FRN01',70);
INSERT INTO E_CONTENUTA_IN(NUMERO_MAGAZZINO,ID_FORNITURA,QUANTITA_DISTRIB) VALUES ('MGZ01','FRN02',70);
INSERT INTO E_CONTENUTA_IN(NUMERO_MAGAZZINO,ID_FORNITURA,QUANTITA_DISTRIB) VALUES ('MGZ01','FRN03',70);

INSERT INTO E_CONTENUTA_IN(NUMERO_MAGAZZINO,ID_FORNITURA,QUANTITA_DISTRIB) VALUES ('MGZ02','FRN04',70);
INSERT INTO E_CONTENUTA_IN(NUMERO_MAGAZZINO,ID_FORNITURA,QUANTITA_DISTRIB) VALUES ('MGZ02','FRN05',70);
INSERT INTO E_CONTENUTA_IN(NUMERO_MAGAZZINO,ID_FORNITURA,QUANTITA_DISTRIB) VALUES ('MGZ02','FRN06',70);

INSERT INTO E_CONTENUTA_IN(NUMERO_MAGAZZINO,ID_FORNITURA,QUANTITA_DISTRIB) VALUES ('MGZ03','FRN07',70);
INSERT INTO E_CONTENUTA_IN(NUMERO_MAGAZZINO,ID_FORNITURA,QUANTITA_DISTRIB) VALUES ('MGZ03','FRN08',70);
INSERT INTO E_CONTENUTA_IN(NUMERO_MAGAZZINO,ID_FORNITURA,QUANTITA_DISTRIB) VALUES ('MGZ03','FRN09',70);

INSERT INTO E_CONTENUTA_IN(NUMERO_MAGAZZINO,ID_FORNITURA,QUANTITA_DISTRIB) VALUES ('MGZ04','FRN10',70);
INSERT INTO E_CONTENUTA_IN(NUMERO_MAGAZZINO,ID_FORNITURA,QUANTITA_DISTRIB) VALUES ('MGZ04','FRN11',70);

INSERT INTO E_CONTENUTA_IN(NUMERO_MAGAZZINO,ID_FORNITURA,QUANTITA_DISTRIB) VALUES ('MGZ05','FRN12',70);
INSERT INTO E_CONTENUTA_IN(NUMERO_MAGAZZINO,ID_FORNITURA,QUANTITA_DISTRIB) VALUES ('MGZ05','FRN13',70);
INSERT INTO E_CONTENUTA_IN(NUMERO_MAGAZZINO,ID_FORNITURA,QUANTITA_DISTRIB) VALUES ('MGZ05','FRN14',40);

INSERT INTO E_CONTENUTA_IN(NUMERO_MAGAZZINO,ID_FORNITURA,QUANTITA_DISTRIB) VALUES ('MGZ06','FRN14',30);
INSERT INTO E_CONTENUTA_IN(NUMERO_MAGAZZINO,ID_FORNITURA,QUANTITA_DISTRIB) VALUES ('MGZ06','FRN15',70);


